<?xml version="1.0" encoding="UTF-8"?>
<project-private xmlns="http://www.netbeans.org/ns/project-private/1">
    <editor-bookmarks xmlns="http://www.netbeans.org/ns/editor-bookmarks/2" lastBookmarkId="0"/>
    <open-files xmlns="http://www.netbeans.org/ns/projectui-open-files/2">
        <group>
            <file>file:/D:/PUCE%20IS/Semestre%20IV/Base%20de%20Datos%20I/FINAL%20FACTURACION/CRUD%20Factura%20FINAL/CRUD%20Factura/CRUD%20Factura/CRUD%20Clientes/CRUD%20Clientes/src/crud/clientes/clases/SucursalManager.java</file>
            <file>file:/D:/PUCE%20IS/Semestre%20IV/Base%20de%20Datos%20I/FINAL%20FACTURACION/CRUD%20Factura%20FINAL/CRUD%20Factura/CRUD%20Factura/CRUD%20Clientes/CRUD%20Clientes/src/crud/clientes/clases/VendedorManager.java</file>
            <file>file:/D:/PUCE%20IS/Semestre%20IV/Base%20de%20Datos%20I/FINAL%20FACTURACION/CRUD%20Factura%20FINAL/CRUD%20Factura/CRUD%20Factura/CRUD%20Clientes/CRUD%20Clientes/src/crud/clientes/clases/ConexionOracle.java</file>
        </group>
    </open-files>
</project-private>
